{"cameraMode":{"drawMode":0,"name":"Shaded","section":"Shading Mode"},"sceneLighting":true,"audioPlay":false,"sceneViewState":{"showFog":true,"showMaterialUpdate":false,"showSkybox":true,"showFlares":true,"showImageEffects":true,"showParticleSystems":true,"showVisualEffectGraphs":true,"m_FxEnabled":true},"in2DMode":false,"pivot":{"x":1.7031699419021607,"y":-0.23216509819030763,"z":-3.2865896224975588},"rotation":{"x":0.21765576303005219,"y":-0.06436404585838318,"z":0.014386077411472798,"w":0.9737958312034607},"size":27.010116577148439,"orthographic":false}